Name;Adresse
Aaliyah Müller;Hauptstraße 23 25421 Pinneberg
Aaron Schmidt;Schulstraße 23 25421 Pinneberg
Abdul Yilmaz;Gartenstraße 8 25421 Pinneberg
Abdullah Yilmaz;Dorfstraße9 25421 Pinneberg
Abigail Weber;Bahnhofstraße 34 25421 Pinneberg
Ada Meyer;Bergstraße 46 25421 Pinneberg
Adam Wagner;Birkenweg 17 24103 Kiel
Adele Becker;Lindenstraße 353 24103 Kiel
Adelina Schulz;Kirchstraße 33 24103 Kiel
Adem Hoffmann;Waldstraße 12 24603 Kiel
Adin Schäfer;Ringstraße 46 24103 Kiel
Adrian Bauer;Schillerstraße 35 24695 Kiel
Adriana Koch;Amselweg 45 24103 Kiel
Adriano Richter;Goethestraße 55 21614 Buxtehude
Ahmad Klein;Wiesenweg 45 21614 Buxtehude
Ahmet Wolf;Buchenweg 55 21614 Buxtehude
Aiden Schröder;Jahnstraße 454 21614 Buxtehude
Aisha Yilmaz;Wiesenstraße 44 21614 Buxtehude
Ajla Yilmaz;Ahornweg 445 21614 Buxtehude
Alan Braun;Feldstraße 45 21614 Buxtehude
Alara Hofmann;Goethestraße 13 21614 Buxtehude
Alaya Mutlu;Hauptstraße 24 21614 Buxtehude
Alba Schmitt;Schulstraße 24 21614 Buxtehude
Albert Hartmann;Gartenstraße 9 21614 Buxtehude
Alea Krüger;Dorfstraße10 21335 Lüneburg
Alena Schmid;Bahnhofstraße 35 21335 Lüneburg
Alessandro Werner;Bergstraße 47 21335 Lüneburg
Alessia Lange;Birkenweg 18 21335 Lüneburg
Alessio Schmitz;Lindenstraße 354 21335 Lüneburg
Alex Meier;Kirchstraße 34 21335 Lüneburg
Alexander Krause;Waldstraße 13 21335 Lüneburg
Alexandra Maier;Ringstraße 47 21335 Lüneburg
Alexandros Lehmann;Schillerstraße 36 21335 Lüneburg
Alexandru Huber;Amselweg 46 22880 Wedel
Aleyna Mayer;Goethestraße 56 22880 Wedel
Alfred Herrmann;Wiesenweg 46 22880 Wedel
Ali Köhler;Buchenweg 56 22880 Wedel
Alia Walter;Jahnstraße 455 22880 Wedel
Alice König;Wiesenstraße 45 22880 Wedel
Alicia Schulze;Ahornweg 446 22880 Wedel
Alina Fuchs;Feldstraße 46 22844 Norderstedt
Alisa Kaiser;Goethestraße 14 22844 Norderstedt
Alisha Mutlu;Hauptstraße 25 22844 Norderstedt
Alison Weiß;Schulstraße 25 22844 Norderstedt
Alissa Peters;Gartenstraße 10 22844 Norderstedt
Alma Scholz;Dorfstraße11 22844 Norderstedt
Almira Jung;Bahnhofstraße 36 22844 Norderstedt
Alp Möller;Bergstraße 48 22844 Norderstedt
Alparslan Hahn;Birkenweg 19 22335 Hamburg
Alva Keller;Lindenstraße 355 20539 Hamburg
Alwin Vogel;Kirchstraße 35 22525 Hamburg
Amal Schubert;Waldstraße 14 21989 Hamburg
Amalia Roth;Ringstraße 48 22084 Hamburg
Amanda Frank;Schillerstraße 37 22179 Hamburg
Amar Friedrich;Amselweg 47 22274 Hamburg
Amara Beck;Goethestraße 57 22369 Hamburg
Amaya Mutlu;Wiesenweg 47 22464 Hamburg
Amelia Berger;Buchenweg 57 22559 Hamburg
Amelie Winkler;Jahnstraße 456 22654 Hamburg
Amilia Lorenz;Wiesenstraße 46 22749 Hamburg
Amin Baumann;Ahornweg 447 20620 Hamburg
Amina Schuster;Feldstraße 47 22939 Hamburg
Amine Kraus;Goethestraße 15 23034 Hamburg
Amir Böhm;Hauptstraße 26 21936  Hamburg
Amira Simon;Schulstraße 26 25421 Pinneberg
Ammar Franke;Gartenstraße 11 25421 Pinneberg
Amra Albrecht;Dorfstraße12 25421 Pinneberg
Amy Winter;Bahnhofstraße 37 25421 Pinneberg
Anas Ludwig;Bergstraße 49 25421 Pinneberg
Anastasia Martin;Birkenweg 20 25421 Pinneberg
Andrea Krämer;Lindenstraße 356 24103 Kiel
Andreas Schumacher;Kirchstraße 36 24103 Kiel
Andrej Vogt;Waldstraße 15 24603 Kiel
Angelina Jäger;Ringstraße 49 24103 Kiel
Anisa Stein;Schillerstraße 38 24695 Kiel
Anita Otto;Amselweg 48 24103 Kiel
Anja Groß;Goethestraße 58 24880 Kiel
Anna Sommer;Wiesenweg 48 21614 Buxtehude
Annabell Haas;Buchenweg 58 21614 Buxtehude
Annalena Graf;Jahnstraße 457 21614 Buxtehude
Anne Heinrich;Wiesenstraße 47 21614 Buxtehude
Annelie Seidel;Ahornweg 448 21614 Buxtehude
Anni Schreiber;Feldstraße 48 21614 Buxtehude
Annika Ziegler;Goethestraße 16 21614 Buxtehude
Anouk Brandt;Hauptstraße 27 21614 Buxtehude
Ansgar Kuhn;Schulstraße 27 21614 Buxtehude
Anton Schulte;Gartenstraße 12 21614 Buxtehude
Antoni Dietrich;Dorfstraße13 21614 Buxtehude
Antonia Kühn;Bahnhofstraße 38 21335 Lüneburg
Antonio Engel;Bergstraße 50 21335 Lüneburg
Aram Pohl;Birkenweg 21 21335 Lüneburg
Aras Mutlu;Lindenstraße 357 21335 Lüneburg
Arda Sauer;Kirchstraße 37 21335 Lüneburg
Aren Arnold;Waldstraße 16 21335 Lüneburg
Ares Thomas;Ringstraße 50 21335 Lüneburg
Ari Bergmann;Schillerstraße 39 21335 Lüneburg
Arian Busch;Amselweg 49 21335 Lüneburg
Ariana Pfeiffer;Goethestraße 59 22880 Wedel
Arik Mutlu;Wiesenweg 49 22880 Wedel
Arin Götz;Buchenweg 59 22880 Wedel
Arina Seifert;Jahnstraße 458 22880 Wedel
Aris Lindner;Wiesenstraße 48 22880 Wedel
Armin Ernst;Ahornweg 449 22880 Wedel
Arne Hübner;Feldstraße 49 22880 Wedel
Arno Kramer;Goethestraße 17 22844 Norderstedt
Arthur Franz;Hauptstraße 28 22844 Norderstedt
Arvid Beyer;Schulstraße 28 22844 Norderstedt
Arya Wolff;Gartenstraße 13 22844 Norderstedt
Asel Peter;Dorfstraße14 22844 Norderstedt
Aslan Jansen;Bahnhofstraße 39 22844 Norderstedt
Asya Kern;Bergstraße 51 22844 Norderstedt
August Barth;Birkenweg 22 22844 Norderstedt
Aurel Wenzel;Lindenstraße 358 20861 Hamburg
Aurelia Hermann;Kirchstraße 38 20839 Hamburg
Aurelio Ott;Waldstraße 17 20817 Hamburg
Aurora Paul;Ringstraße 51 20796 Hamburg
Ava Riedel;Schillerstraße 40 20774 Hamburg
Ayan Wilhelm;Amselweg 50 20752 Hamburg
Ayana Hansen;Goethestraße 60 20730 Hamburg
Ayaz Mutlu;Wiesenweg 50 20708 Hamburg
Ayla Grimm;Buchenweg 60 20686 Hamburg
Aylin Schmidt;Jahnstraße 459 20664 Hamburg
Ayliz Mutlu;Wiesenstraße 49 20642 Hamburg
Ayman Schmidt;Ahornweg 450 20620 Hamburg
Azad Schneider;Feldstraße 50 20598 Hamburg
Azra Fischer;Goethestraße 18 20576 Hamburg
Baran Weber;Hauptstraße 29 20554 Hamburg
Bastian Meyer;Schulstraße 29 20532  Hamburg
Bela Wagner;Gartenstraße 14 25421 Pinneberg
Bella Becker;Dorfstraße15 25421 Pinneberg
Ben Schulz;Bahnhofstraße 40 25421Pinneberg
Bene Hoffmann;Bergstraße 52 25421 Pinneberg
Benedikt Schäfer;Birkenweg 23 25421 Pinneberg
Benjamin Bauer;Lindenstraße 359 25421 Pinneberg
Bennet Koch;Kirchstraße 39 24103 Kiel
Benno Richter;Waldstraße 18 24603 Kiel
Berat Klein;Ringstraße 52 24103 Kiel
Bianca Wolf;Schillerstraße 41 24695 Kiel
Bilal Schröder;Amselweg 51 24103 Kiel
Bjarne Neumann;Goethestraße 61 24880 Kiel
Björn Schwarz;Wiesenweg 51 24247 Kiel
Bo Braun;Buchenweg 61 21614 Buxtehude
Bosse Hofmann;Jahnstraße 460 21614 Buxtehude
Brian Zimmermann;Wiesenstraße 50 21614 Buxtehude
Bruno Schmitt;Ahornweg 451 21614 Buxtehude
Caleb Hartmann;Feldstraße 51 21614 Buxtehude
Camilla Krüger;Goethestraße 19 21614 Buxtehude
Can Schmid;Hauptstraße 30 21614 Buxtehude
Cara Werner;Schulstraße 30 21614 Buxtehude
Carina Lange;Gartenstraße 15 21614 Buxtehude
Carla Schmitz;Dorfstraße16 21614 Buxtehude
Carlo Meier;Bahnhofstraße 41 21614 Buxtehude
Carlos Krause;Bergstraße 53 21335 Lüneburg
Carlotta Maier;Birkenweg 24 21335 Lüneburg
Carolin Lehmann;Lindenstraße 360 21335 Lüneburg
Carolina Huber;Kirchstraße 40 21335 Lüneburg
Caspar Mayer;Waldstraße 19 21335 Lüneburg
Casper Herrmann;Ringstraße 53 21335 Lüneburg
Cataleya Köhler;Schillerstraße 42 21335 Lüneburg
Cecilia Walter;Amselweg 52 21335 Lüneburg
Celia König;Goethestraße 62 21335 Lüneburg
Celina Schulze;Wiesenweg 52 22880 Wedel
Celine Fuchs;Buchenweg 62 22880 Wedel
Ceylin Kaiser;Jahnstraße 461 22880 Wedel
Charlie Lang;Wiesenstraße 51 22880 Wedel
Charlotte Weiß;Ahornweg 452 22880 Wedel
Chiara Peters;Feldstraße 52 22880 Wedel
Chloe Scholz;Goethestraße 20 22880 Wedel
Chris Jung;Hauptstraße 31 22844 Norderstedt
Christian Möller;Schulstraße 31 22844 Norderstedt
Christina Hahn;Gartenstraße 16 22844 Norderstedt
Christoph Keller;Dorfstraße17 22844 Norderstedt
Christopher Vogel;Bahnhofstraße 42 22844 Norderstedt
Claire Schubert;Bergstraße 54 22844 Norderstedt
Clara Roth;Birkenweg 25 22844 Norderstedt
Clea Frank;Lindenstraße 361 22844 Norderstedt
Clemens Friedrich;Kirchstraße 41 20115 Hamburg
Cleo Beck;Waldstraße 20 20094 Hamburg
Colin Günther;Ringstraße 54 20072 Hamburg
Connor Berger;Schillerstraße 43 20050 Hamburg
Dalia Winkler;Amselweg 53 20028 Hamburg
Damian Lorenz;Goethestraße 63 20006 Hamburg
Damir Baumann;Wiesenweg 53 20203 Hamburg
Dana Schuster;Buchenweg 63 20181 Hamburg
Daniel Kraus;Jahnstraße 462 20159 Hamburg
Danilo Böhm;Wiesenstraße 52 20137 Hamburg
Danny Simon;Ahornweg 453 20115 Hamburg
Dante Franke;Feldstraße 53 20094 Hamburg
Daria Albrecht;Goethestraße 21 20072 Hamburg
Darian Winter;Hauptstraße 32 20050 Hamburg
Dario Ludwig;Schulstraße 32 20028 Hamburg
Darius Martin;Gartenstraße 17 20006  Hamburg
Darya Krämer;Dorfstraße18 25421 Pinneberg
David Schumacher;Bahnhofstraße 43 25421 Pinneberg
Dea Vogt;Bergstraße 55 25421 Pinneberg
Dean Jäger;Birkenweg 26 25421 Pinneberg
Defne Stein;Lindenstraße 362 25421 Pinneberg
Delia Otto;Kirchstraße 42 25421 Pinneberg
Dennis Groß;Waldstraße 21 24603 Kiel
Devin Sommer;Ringstraße 55 24103 Kiel
Diana Haas;Schillerstraße 44 24695 Kiel
Diego Graf;Amselweg 54 24103 Kiel
Dilara Heinrich;Goethestraße 64 24880 Kiel
Dina Seidel;Wiesenweg 54 24247 Kiel
Dion Schreiber;Buchenweg 64 24159 Kiel
Diyan Ziegler;Jahnstraße 463 21614 Buxtehude
Dominik Brandt;Wiesenstraße 53 21614 Buxtehude
Dorian Kuhn;Ahornweg 454 21614 Buxtehude
Dorothea Schulte;Feldstraße 54 21614 Buxtehude
Dua Dietrich;Goethestraße 22 21614 Buxtehude
Dylan Kühn;Hauptstraße 33 21614 Buxtehude
Ecrin Engel;Schulstraße 33 21614 Buxtehude
Eda Pohl;Gartenstraße 18 21614 Buxtehude
Edda Horn;Dorfstraße19 21614 Buxtehude
Eddy Sauer;Bahnhofstraße 44 21614 Buxtehude
Edgar Arnold;Bergstraße 56 21614 Buxtehude
Ediz Thomas;Birkenweg 27 21335 Lüneburg
Eduard Bergmann;Lindenstraße 363 21335 Lüneburg
Efe Busch;Kirchstraße 43 21335 Lüneburg
Efnan Pfeiffer;Waldstraße 22 21335 Lüneburg
Egon Voigt;Ringstraße 56 21335 Lüneburg
Ela Götz;Schillerstraße 45 21335 Lüneburg
Elaine Seifert;Amselweg 55 21335 Lüneburg
Elea Lindner;Goethestraße 65 21335 Lüneburg
Eleanor Ernst;Wiesenweg 55 21335 Lüneburg
Elena Hübner;Buchenweg 65 22880 Wedel
Eleni Kramer;Jahnstraße 464 22880 Wedel
Elenor Franz;Wiesenstraße 54 22880 Wedel
Eleonora Beyer;Ahornweg 455 22880 Wedel
Eleyna Wolff;Feldstraße 55 22880 Wedel
Elia Peter;Goethestraße 23 22880 Wedel
Elian Jansen;Hauptstraße 34 22880 Wedel
Eliana Kern;Schulstraße 34 22844 Norderstedt
Eliano Barth;Gartenstraße 19 22844 Norderstedt
Elias Wenzel;Dorfstraße20 22844 Norderstedt
Elif Hermann;Bahnhofstraße 45 22844 Norderstedt
Elijah Ott;Bergstraße 57 22844 Norderstedt
Elin Paul;Birkenweg 28 22844 Norderstedt
Elina Riedel;Lindenstraße 364 22844 Norderstedt
Elio Wilhelm;Kirchstraße 44 22844 Norderstedt
Elisa Hansen;Waldstraße 23 20028 Hamburg
Elisabeth Nagel;Ringstraße 57 20006 Hamburg
Elise Grimm;Schillerstraße 46 20203 Hamburg
Eliz Schmidt;Amselweg 56 20181 Hamburg
Eliza Müller;Goethestraße 66 20159 Hamburg
Ella Schmidt;Wiesenweg 56 20137 Hamburg
Ellen Schneider;Buchenweg 66 20115 Hamburg
Elli Fischer;Jahnstraße 465 20094 Hamburg
Elliot Weber;Wiesenstraße 55 20072 Hamburg
Eloise Meyer;Ahornweg 456 20050 Hamburg
Elsa Wagner;Feldstraße 56 20028 Hamburg
Emanuel Becker;Goethestraße 24 20006 Hamburg
Emely Schulz;Hauptstraße 35 20095 Hamburg
Emil Hoffmann;Schulstraße 35 20620 Hamburg
Emilia Schäfer;Gartenstraße 20 20620 Hamburg
Emilian Bauer;Dorfstraße21 20620  Hamburg
Emilio Koch;Bahnhofstraße 46 25421 Pinneberg
Emily Richter;Bergstraße 58 25421 Pinneberg
Emin Klein;Birkenweg 29 25421 Pinneberg
Emina Wolf;Lindenstraße 365 25421 Pinneberg
Emine Schröder;Kirchstraße 45 25421 Pinneberg
Emir Neumann;Waldstraße 24 25421 Pinneberg
Emma Schwarz;Ringstraße 58 24103 Kiel
Emmi Braun;Schillerstraße 47 24695 Kiel
Enes Hofmann;Amselweg 57 24103 Kiel
Enie Zimmermann;Goethestraße 67 24880 Kiel
Enna Schmitt;Wiesenweg 57 24247 Kiel
Enni Hartmann;Buchenweg 67 24159 Kiel
Enno Krüger;Jahnstraße 466 24614 Kiel
Enola Schmid;Wiesenstraße 56 21614 Buxtehude
Ensar Werner;Ahornweg 457 21614 Buxtehude
Enya Lange;Feldstraße 57 21614 Buxtehude
Enzo Schmitz;Goethestraße 25 21614 Buxtehude
Eren Meier;Hauptstraße 36 21614 Buxtehude
Erik Krause;Schulstraße 36 21614 Buxtehude
Erna Maier;Gartenstraße 21 21614 Buxtehude
Erwin Lehmann;Dorfstraße22 21614 Buxtehude
Esila Huber;Bahnhofstraße 47 21614 Buxtehude
Eslem Mayer;Bergstraße 59 21614 Buxtehude
Esma Herrmann;Birkenweg 30 21614 Buxtehude
Esra Köhler;Lindenstraße 366 21335 Lüneburg
Esther Walter;Kirchstraße 46 21335 Lüneburg
Ethan König;Waldstraße 25 21335 Lüneburg
Eva Schulze;Ringstraße 59 21335 Lüneburg
Evan Fuchs;Schillerstraße 48 21335 Lüneburg
Evelina Kaiser;Amselweg 58 21335 Lüneburg
Evelyn Lang;Goethestraße 68 21335 Lüneburg
Evi Weiß;Wiesenweg 58 21335 Lüneburg
Evin Peters;Buchenweg 68 21335 Lüneburg
Eymen Scholz;Jahnstraße 467 22880 Wedel
Fabian Jung;Wiesenstraße 57 22880 Wedel
Fabienne Möller;Ahornweg 458 22880 Wedel
Fabio Hahn;Feldstraße 58 22880 Wedel
Fatima Keller;Goethestraße 26 22880 Wedel
Felia Vogel;Hauptstraße 37 22880 Wedel
Felicia Schubert;Schulstraße 37 22880 Wedel
Felicitas Roth;Gartenstraße 22 22844 Norderstedt
Felina Frank;Dorfstraße23 22844 Norderstedt
Feline Friedrich;Bahnhofstraße 48 22844 Norderstedt
Felix Beck;Bergstraße 60 22844 Norderstedt
Fenja Günther;Birkenweg 31 22844 Norderstedt
Ferdinand Berger;Lindenstraße 367 22844 Norderstedt
Fiete Winkler;Kirchstraße 47 22844 Norderstedt
Fine Lorenz;Waldstraße 26 22844 Norderstedt
Finja Baumann;Ringstraße 60 21989 Hamburg
Finley Schuster;Schillerstraße 49 22084 Hamburg
Finn Kraus;Amselweg 59 22179 Hamburg
Fiona Böhm;Goethestraße 69 22274 Hamburg
Flora Simon;Wiesenweg 59 22369 Hamburg
Florentin Franke;Buchenweg 69 22464 Hamburg
Florentine Albrecht;Jahnstraße 468 22559 Hamburg
Florian Winter;Wiesenstraße 58 22654 Hamburg
Flynn Ludwig;Ahornweg 459 20620 Hamburg
Francesco Martin;Feldstraße 59 20844 Hamburg
Franka Krämer;Goethestraße 27 22939 Hamburg
Franz Schumacher;Hauptstraße 38 20620 Hamburg
Franziska Vogt;Schulstraße 38 21936 Hamburg
Fred Jäger;Gartenstraße 23 21914 Hamburg
Frederik Stein;Dorfstraße24 21892 Hamburg
Freya Otto;Bahnhofstraße 49 21870  Hamburg
Fridolin Groß;Bergstraße 61 25421 Pinneberg
Frieda Sommer;Birkenweg 32 25421 Pinneberg
Friedrich Haas;Lindenstraße 368 25421 Pinneberg
Fritz Graf;Kirchstraße 48 25421 Pinneberg
Fritzi Heinrich;Waldstraße 27 25421 Pinneberg
Gabriel Seidel;Ringstraße 61 25421 Pinneberg
Gabriela Schreiber;Schillerstraße 50 24695 Kiel
Georg Ziegler;Amselweg 60 24103 Kiel
Giulia Brandt;Goethestraße 70 21673 Kiel
Giuliano Kuhn;Wiesenweg 60 24247 Kiel
Gloria Schulte;Buchenweg 70 24159 Kiel
Grace Dietrich;Jahnstraße 469 24614 Kiel
Gregor Kühn;Wiesenstraße 59 24585 Kiel
Greta Engel;Ahornweg 460 21614 Buxtehude
Gustav Pohl;Feldstraße 60 21541 Buxtehude
Hadi Horn;Goethestraße 28 21614 Buxtehude
Hafsa Sauer;Hauptstraße 39 21614 Buxtehude
Hailey Arnold;Schulstraße 39 21614 Buxtehude
Hamza Thomas;Gartenstraße 24 21614 Buxtehude
Hannah Bergmann;Dorfstraße25 21614 Buxtehude
Hannes Busch;Bahnhofstraße 50 21614 Buxtehude
Hanno Pfeiffer;Bergstraße 62 21614 Buxtehude
Hans Voigt;Birkenweg 33 21614 Buxtehude
Harun Götz;Lindenstraße 369 21614 Buxtehude
Hasan Seifert;Kirchstraße 49 21335 Lüneburg
Hauke Lindner;Waldstraße 28 21335 Lüneburg
Havin Ernst;Ringstraße 62 21335 Lüneburg
Hazal Hübner;Schillerstraße 51 21335 Lüneburg
Hazel Kramer;Amselweg 61 21335 Lüneburg
Hedda Franz;Goethestraße 71 21335 Lüneburg
Hedi Beyer;Wiesenweg 61 21335 Lüneburg
Heidi Wolff;Buchenweg 71 21335 Lüneburg
Helen Peter;Jahnstraße 470 21335 Lüneburg
Helena Jansen;Wiesenstraße 60 22880 Wedel
Helene Kern;Ahornweg 461 22880 Wedel
Helin Barth;Feldstraße 61 22880 Wedel
Hendrik Wenzel;Goethestraße 29 22880 Wedel
Henning Hermann;Hauptstraße 40 22880 Wedel
Henriette Ott;Schulstraße 40 22880 Wedel
Henrik Paul;Gartenstraße 25 22880 Wedel
Henry Riedel;Dorfstraße26 22844 Norderstedt
Hermine Wilhelm;Bahnhofstraße 51 22844 Norderstedt
Hilda Hansen;Bergstraße 63 22844 Norderstedt
Hira Nagel;Birkenweg 34 22844 Norderstedt
Holly Grimm;Lindenstraße 370 22844 Norderstedt
Hope Schmidt;Kirchstraße 50 22844 Norderstedt
Hugo Müller;Waldstraße 29 22844 Norderstedt
Hussein Schmidt;Ringstraße 63 22844 Norderstedt
Ian Schneider;Schillerstraße 52 20796 Hamburg
Ibrahim Fischer;Amselweg 62 20774 Hamburg
Ida Weber;Goethestraße 72 20752 Hamburg
Ikra Meyer;Wiesenweg 62 20730 Hamburg
Ilaria Wagner;Buchenweg 72 20708 Hamburg
Ilay Becker;Jahnstraße 471 20686 Hamburg
Ilayda Schulz;Wiesenstraße 61 20664 Hamburg
Ilja Hoffmann;Ahornweg 462 20642 Hamburg
Ilyas Schäfer;Feldstraße 62 20620 Hamburg
Iman Bauer;Goethestraße 30 20598 Hamburg
Imani Koch;Hauptstraße 41 20576 Hamburg
Imran Richter;Schulstraße 41 20554 Hamburg
Ina Klein;Gartenstraße 26 20532 Hamburg
Inaya Wolf;Dorfstraße27 20510 Hamburg
Iris Schröder;Bahnhofstraße 52 20488 Hamburg
Irma Neumann;Bergstraße 64 20466  Hamburg
Isa Schwarz;Birkenweg 35 25421 Pinneberg
Isaac Braun;Lindenstraße 371 25421 Pinneberg
Isabell Hofmann;Kirchstraße 51 25421 Pinneberg
Isabella Zimmermann;Waldstraße 30 25421 Pinneberg
Isaiah Schmitt;Ringstraße 64 25421 Pinneberg
Ismail Hartmann;Schillerstraße 53 25421 Pinneberg
Issa Krüger;Amselweg 63 24103 Kiel
Iva Schmid;Goethestraße 73 24880 Kiel
Ivan Werner;Wiesenweg 63 24247 Kiel
Ivar Lange;Buchenweg 73 24159 Kiel
Ivy Schmitz;Jahnstraße 472 24614 Kiel
Jack Meier;Wiesenstraße 62 24585 Kiel
Jad Krause;Ahornweg 463 24001 Kiel
Jade Maier;Feldstraße 63 21614 Buxtehude
Jakob Lehmann;Goethestraße 31 21614 Buxtehude
Jakov Huber;Hauptstraße 42 21614 Buxtehude
Jakub Mayer;Schulstraße 42 21614 Buxtehude
Jamal Herrmann;Gartenstraße 27 21614 Buxtehude
James Köhler;Dorfstraße28 21614 Buxtehude
Jamie Walter;Bahnhofstraße 53 21614 Buxtehude
Jamila König;Bergstraße 65 21614 Buxtehude
Jan Schulze;Birkenweg 36 21614 Buxtehude
Jana Fuchs;Lindenstraße 372 21614 Buxtehude
Janna Kaiser;Kirchstraße 52 21614 Buxtehude
Janne Lang;Waldstraße 31 21335 Lüneburg
Janne Weiß;Ringstraße 65 21335 Lüneburg
Jannes Peters;Schillerstraße 54 21335 Lüneburg
Jannik Scholz;Amselweg 64 21335 Lüneburg
Jannis Jung;Goethestraße 74 21335 Lüneburg
Jano Möller;Wiesenweg 64 21335 Lüneburg
Janosch Hahn;Buchenweg 74 21335 Lüneburg
Jari Keller;Jahnstraße 473 21335 Lüneburg
Jarno Vogel;Wiesenstraße 63 21335 Lüneburg
Jaro Schubert;Ahornweg 464 22880 Wedel
Jaron Roth;Feldstraße 64 22880 Wedel
Jascha Frank;Goethestraße 32 22880 Wedel
Jasmin Friedrich;Hauptstraße 43 22880 Wedel
Jasmina Beck;Schulstraße 43 22880 Wedel
Jason Günther;Gartenstraße 28 22880 Wedel
Jasper Berger;Dorfstraße29 22880 Wedel
Jayden Winkler;Bahnhofstraße 54 22844 Norderstedt
Jella Lorenz;Bergstraße 66 22844 Norderstedt
Jesper Baumann;Birkenweg 37 22844 Norderstedt
Jette Schuster;Lindenstraße 373 22844 Norderstedt
Joana Kraus;Kirchstraße 53 22844 Norderstedt
Joel Böhm;Waldstraße 32 22844 Norderstedt
Johann Simon;Ringstraße 66 22844 Norderstedt
Johanna Franke;Schillerstraße 55 22844 Norderstedt
Johanne Albrecht;Amselweg 65 22880 Hamburg
Johannes Winter;Goethestraße 75 20880 Hamburg
John Ludwig;Wiesenweg 65 20880 Hamburg
Joleen Martin;Buchenweg 75 20844 Hamburg
Jolie Krämer;Jahnstraße 474 20844 Hamburg
Jolina Schumacher;Wiesenstraße 64 22844 Hamburg
Joline Vogt;Ahornweg 465 20620 Hamburg
Jon Jäger;Feldstraße 65 20844 Hamburg
Jonah Stein;Goethestraße 33 20844 Hamburg
Jonas Otto;Hauptstraße 44 20844 Hamburg
Jonathan Groß;Schulstraße 44 22844 Hamburg
Jonna Sommer;Gartenstraße 29 22335 Hamburg
Jonne Haas;Dorfstraße30 20539 Hamburg
Jonte Graf;Bahnhofstraße 55 22525 Hamburg
Joost Heinrich;Bergstraße 67 21989 Hamburg
Jordan Seidel;Birkenweg 38 22084  Hamburg
Jorik Schreiber;Lindenstraße 374 25421 Pinneberg
Joris Ziegler;Kirchstraße 54 25421 Pinneberg
Joscha Brandt;Waldstraße 33 25421 Pinneberg
Josef Kuhn;Ringstraße 67 25421 Pinneberg
Josefin Schulte;Schillerstraße 56 25421 Pinneberg
Josephina Dietrich;Amselweg 66 25421 Pinneberg
Josephine Kühn;Goethestraße 76 24880 Kiel
Joshua Engel;Wiesenweg 66 24247 Kiel
Josie Pohl;Buchenweg 76 24159 Kiel
Josua Horn;Jahnstraße 475 24614 Kiel
Jule Sauer;Wiesenstraße 65 24585 Kiel
Julia Arnold;Ahornweg 466 24001 Kiel
Julian Thomas;Feldstraße 66 24892 Kiel
Juliana Bergmann;Goethestraße 34 21614 Buxtehude
Julie Busch;Hauptstraße 45 21614 Buxtehude
Julius Pfeiffer;Schulstraße 45 21614 Buxtehude
Juna Voigt;Gartenstraße 30 21614 Buxtehude
Junis Götz;Dorfstraße31 21614 Buxtehude
Juri Seifert;Bahnhofstraße 56 21614 Buxtehude
Justus Lindner;Bergstraße 68 21614 Buxtehude
Kaan Ernst;Birkenweg 39 21614 Buxtehude
Kai Hübner;Lindenstraße 375 21614 Buxtehude
Kaja Kramer;Kirchstraße 55 21614 Buxtehude
Kalea Franz;Waldstraße 34 21614 Buxtehude
Kalle Beyer;Ringstraße 68 21335 Lüneburg
Karam Erol;Schillerstraße 57 21335 Lüneburg
Karan Peter;Amselweg 67 21335 Lüneburg
Karim Erol;Goethestraße 77 21335 Lüneburg
Karl Kern;Wiesenweg 67 21335 Lüneburg
Karlie Barth;Buchenweg 77 21335 Lüneburg
Kate Wenzel;Jahnstraße 476 21335 Lüneburg
Katharina Hermann;Wiesenstraße 66 21335 Lüneburg
Käthe Ott;Ahornweg 467 21335 Lüneburg
Kayla Erol;Feldstraße 67 22880 Wedel
Keanu Riedel;Goethestraße 35 22880 Wedel
Kenan Wilhelm;Hauptstraße 46 22880 Wedel
Keno Hansen;Schulstraße 46 22880 Wedel
Kerem Erol;Gartenstraße 31 22880 Wedel
Kerim Erol;Dorfstraße32 22880 Wedel
Kevin Schmidt;Bahnhofstraße 57 22880 Wedel
Khadija Müller;Bergstraße 69 22844 Norderstedt
Khaled Akpulat;Birkenweg 40 22844 Norderstedt
Kian Schneider;Lindenstraße 376 22844 Norderstedt
Kiana Fischer;Kirchstraße 56 22844 Norderstedt
Kiano Weber;Waldstraße 35 22844 Norderstedt
Kilian Meyer;Ringstraße 69 22844 Norderstedt
Kim Wagner;Schillerstraße 58 22844 Norderstedt
Kimberly Becker;Amselweg 68 22844 Norderstedt
Kira Schulz;Goethestraße 78 21103 Hamburg
Kiyan Hoffmann;Wiesenweg 68 21081 Hamburg
Kjell Schäfer;Buchenweg 78 21059 Hamburg
Klaas Bauer;Jahnstraße 477 21037 Hamburg
Konrad Koch;Wiesenstraße 67 21015 Hamburg
Konstantin Richter;Ahornweg 468 20993 Hamburg
Korbinian Klein;Feldstraße 68 20971 Hamburg
Kuno Wolf;Goethestraße 36 20949 Hamburg
Kurt Schröder;Hauptstraße 47 20927 Hamburg
Kuzey Neumann;Schulstraße 47 20905 Hamburg
Lana Schwarz;Gartenstraße 32 20883 Hamburg
Lani Braun;Dorfstraße33 20861 Hamburg
Lara Hofmann;Bahnhofstraße 58 20839 Hamburg
Larissa Zimmermann;Bergstraße 70 20817 Hamburg
Lars Schmitt;Birkenweg 41 20796 Hamburg
Lasse Hartmann;Lindenstraße 377 20774  Hamburg
Laura Krüger;Kirchstraße 57 25421 Pinneberg
Laurenz Schmid;Waldstraße 36 25421 Pinneberg
Laurin Werner;Ringstraße 70 25421 Pinneberg
Lavin Lange;Schillerstraße 59 25421 Pinneberg
Laya Schmitz;Amselweg 69 25421 Pinneberg
Layan Meier;Goethestraße 79 25421 Pinneberg
Layla Krause;Wiesenweg 69 24247 Kiel
Lea Maier;Buchenweg 79 24159 Kiel
Lean Lehmann;Jahnstraße 478 24614 Kiel
Leana Huber;Wiesenstraße 68 24585 Kiel
Leander Mayer;Ahornweg 469 24001 Kiel
Leandra Herrmann;Feldstraße 69 24892 Kiel
Leandro Köhler;Goethestraße 37 24880 Kiel
Leano Walter;Hauptstraße 48 21614 Buxtehude
Leen König;Schulstraße 48 21614 Buxtehude
Leia Schulze;Gartenstraße 33 21614 Buxtehude
Leif Fuchs;Dorfstraße34 21614 Buxtehude
Lena Kaiser;Bahnhofstraße 59 21614 Buxtehude
Lene Lang;Bergstraße 71 21614 Buxtehude
Leni Weiß;Birkenweg 42 21614 Buxtehude
Lenia Peters;Lindenstraße 378 21614 Buxtehude
Lenja Scholz;Kirchstraße 58 21614 Buxtehude
Lenn Jung;Waldstraße 37 21614 Buxtehude
Lennard Möller;Ringstraße 71 21614 Buxtehude
Lennox Hahn;Schillerstraße 60 21335 Lüneburg
Lenny Keller;Amselweg 70 21335 Lüneburg
Leno Vogel;Goethestraße 80 21335 Lüneburg
Leo Schubert;Wiesenweg 70 21335 Lüneburg
Leon Roth;Buchenweg 80 21335 Lüneburg
Leona Frank;Jahnstraße 479 21335 Lüneburg
Leonard Friedrich;Wiesenstraße 69 21335 Lüneburg
Leonardo Beck;Ahornweg 470 21335 Lüneburg
Leonhard Günther;Feldstraße 70 21335 Lüneburg
Leonidas Berger;Goethestraße 38 22880 Wedel
Leonie Winkler;Hauptstraße 49 22880 Wedel
Leonora Lorenz;Schulstraße 49 22880 Wedel
Leopold Baumann;Gartenstraße 34 22880 Wedel
Letizia Schuster;Dorfstraße35 22880 Wedel
Lev Kraus;Bahnhofstraße 60 22880 Wedel
Levi Böhm;Bergstraße 72 22880 Wedel
Levin Simon;Birkenweg 43 22844 Norderstedt
Levio Franke;Lindenstraße 379 22844 Norderstedt
Levke Albrecht;Kirchstraße 59 22844 Norderstedt
Leyla Winter;Waldstraße 38 22844 Norderstedt
Lia Ludwig;Ringstraße 72 22844 Norderstedt
Liam Martin;Schillerstraße 61 22844 Norderstedt
Lian Krämer;Amselweg 71 22844 Norderstedt
Liana Schumacher;Goethestraße 81 22844 Norderstedt
Liano Vogt;Wiesenweg 71 21614 Hamburg
Liara Jäger;Buchenweg 81 21337 Hamburg
Lias Stein;Jahnstraße 480 21337 Hamburg
Lieselotte Otto;Wiesenstraße 70 21337 Hamburg
Lijan Groß;Ahornweg 471 21337 Hamburg
Lilia Sommer;Feldstraße 71 21337 Hamburg
Lilian Haas;Goethestraße 39 21337 Hamburg
Liliana Graf;Hauptstraße 50 21337 Hamburg
Lilith Heinrich;Schulstraße 50 21337 Hamburg
Lilly Seidel;Gartenstraße 35 21337 Hamburg
Lina Schreiber;Dorfstraße36 20880 Hamburg
Linda Ziegler;Bahnhofstraße 61 20880 Hamburg
Linnea Brandt;Bergstraße 73 20880 Hamburg
Lino Kuhn;Birkenweg 44 20880 Hamburg
Linus Schulte;Lindenstraße 380 20880 Hamburg
Lio Dietrich;Kirchstraße 60 20880  Hamburg
Lion Kühn;Waldstraße 39 25421 Pinneberg
Lionel Engel;Ringstraße 73 25421Pinneberg
Lisa Pohl;Schillerstraße 62 25421 Pinneberg
Lisbeth Horn;Amselweg 72 25421 Pinneberg
Liv Sauer;Goethestraße 82 25421 Pinneberg
Liva Arnold;Wiesenweg 72 25421 Pinneberg
Livia Thomas;Buchenweg 82 24159 Kiel
Liya Akpulat;Jahnstraße 481 24614 Kiel
Liyana Busch;Wiesenstraße 71 24585 Kiel
Liz Pfeiffer;Ahornweg 472 24001 Kiel
Logan Voigt;Feldstraße 72 24892 Kiel
Loki Götz;Goethestraße 40 24880 Kiel
Lola Seifert;Hauptstraße 51 24989 Kiel
Lore Lindner;Schulstraße 51 21614 Buxtehude
Lorena Ernst;Gartenstraße 36 21614 Buxtehude
Lorenz Hübner;Dorfstraße37 21614 Buxtehude
Lorenzo Kramer;Bahnhofstraße 62 21614 Buxtehude
Lorik Franz;Bergstraße 74 21614 Buxtehude
Loris Beyer;Birkenweg 45 21614 Buxtehude
Lotta Wolff;Lindenstraße 381 21614 Buxtehude
Lotte Peter;Kirchstraße 61 21614 Buxtehude
Lou Jansen;Waldstraße 40 21614 Buxtehude
Louie Kern;Ringstraße 74 21614 Buxtehude
Louis Barth;Schillerstraße 63 21614 Buxtehude
Lounis Wenzel;Amselweg 73 21335 Lüneburg
Luan Hermann;Goethestraße 83 21335 Lüneburg
Luana Ott;Wiesenweg 73 21335 Lüneburg
Luca Paul;Buchenweg 83 21335 Lüneburg
Lucia Riedel;Jahnstraße 482 21335 Lüneburg
Luciano Wilhelm;Wiesenstraße 72 21335 Lüneburg
Lucy Hansen;Ahornweg 473 21335 Lüneburg
Ludwig Nagel;Feldstraße 73 21335 Lüneburg
Luisa Grimm;Goethestraße 41 21335 Lüneburg
Luise Schmidt;Hauptstraße 52 22880 Wedel
Lukas Müller;Schulstraße 52 22880 Wedel
Luke Schmidt;Gartenstraße 37 22880 Wedel
Luna Schneider;Dorfstraße38 22880 Wedel
Lutz Fischer;Bahnhofstraße 63 22880 Wedel
Lydia Weber;Bergstraße 75 22880 Wedel
Lynn Meyer;Birkenweg 46 22880 Wedel
Madeleine Wagner;Lindenstraße 382 22844 Norderstedt
Madita Becker;Kirchstraße 62 22844 Norderstedt
Madlen Schulz;Waldstraße 41 22844 Norderstedt
Mael Hoffmann;Ringstraße 75 22844 Norderstedt
Magdalena Schäfer;Schillerstraße 64 22844 Norderstedt
Magnus Bauer;Amselweg 74 22844 Norderstedt
Mahdi Koch;Goethestraße 84 22844 Norderstedt
Mahir Richter;Wiesenweg 74 22844 Norderstedt
Mahmoud Akpulat;Buchenweg 84 21410 Hamburg
Maila Wolf;Jahnstraße 483 21388 Hamburg
Mailin Schröder;Wiesenstraße 73 21366 Hamburg
Mailo Neumann;Ahornweg 474 21344 Hamburg
Maira Schwarz;Feldstraße 74 21322 Hamburg
Maja Braun;Goethestraße 42 21300 Hamburg
Majvi Akpulat;Hauptstraße 53 21278 Hamburg
Malak Zimmermann;Schulstraße 53 21256 Hamburg
Malea Schmitt;Gartenstraße 38 21234 Hamburg
Malek Hartmann;Dorfstraße39 21212 Hamburg
Malena Krüger;Bahnhofstraße 64 21190 Hamburg
Maleo Schmid;Bergstraße 76 21168 Hamburg
Malia Werner;Birkenweg 47 21147 Hamburg
Malik Lange;Lindenstraße 383 21125 Hamburg
Malika Schmitz;Kirchstraße 63 21103 Hamburg
Malin Meier;Waldstraße 42 21081  Hamburg
Malina Krause;Ringstraße 76 25421 Pinneberg
Malio Maier;Schillerstraße 65 25421 Pinneberg
Maliya Lehmann;Amselweg 75 25421 Pinneberg
Malou Kurum;Goethestraße 85 25421 Pinneberg
Malte Mayer;Wiesenweg 75 25421 Pinneberg
Manuel Herrmann;Buchenweg 85 25421 Pinneberg
Mara Köhler;Jahnstraße 484 24614 Kiel
Marc Walter;Wiesenstraße 74 24585 Kiel
Marcel König;Ahornweg 475 24001 Kiel
Marco Schulze;Feldstraße 75 24892 Kiel
Maria Fuchs;Goethestraße 4324880 Kiel
Mariam Kaiser;Hauptstraße 54 24989 Kiel
Marian Lang;Schulstraße 54 24796 Kiel
Marie Weiß;Gartenstraße 39 21614 Buxtehude
Mariella Peters;Dorfstraße40 21614 Buxtehude
Marina Scholz;Bahnhofstraße 65 21614 Buxtehude
Mario Jung;Bergstraße 77 21614 Buxtehude
Marius Möller;Birkenweg 48 21614 Buxtehude
Markus Hahn;Lindenstraße 384 21614 Buxtehude
Marla Keller;Kirchstraße 64 21614 Buxtehude
Marleen Vogel;Waldstraße 43 21614 Buxtehude
Marlena Schubert;Ringstraße 77 21614 Buxtehude
Marlene Roth;Schillerstraße 66 21614 Buxtehude
Marlie Frank;Amselweg 76 21614 Buxtehude
Marlies Friedrich;Goethestraße 86 21335 Lüneburg
Marlo Beck;Wiesenweg 76 21335 Lüneburg
Marlon Günther;Buchenweg 86 21335 Lüneburg
Marten Berger;Jahnstraße 485 21335 Lüneburg
Martha Winkler;Wiesenstraße 75 21335 Lüneburg
Martin Lorenz;Ahornweg 476 21335 Lüneburg
Marvin Baumann;Feldstraße 76 21335 Lüneburg
Mary Schuster;Goethestraße 44 21335 Lüneburg
Masa Kraus;Hauptstraße 55 21335 Lüneburg
Masal Böhm;Schulstraße 55 22880 Wedel
Mason Simon;Gartenstraße 40 22880 Wedel
Matei Franke;Dorfstraße41 22880 Wedel
Mathea Albrecht;Bahnhofstraße 66 22880 Wedel
Mathilda Winter;Bergstraße 78 22880 Wedel
Mathilde Ludwig;Birkenweg 49 22880 Wedel
Mats Martin;Lindenstraße 385 22880 Wedel
Matteo Krämer;Kirchstraße 65 22844 Norderstedt
Mattes Schumacher;Waldstraße 44 22844 Norderstedt
Matthias Vogt;Ringstraße 78 22844 Norderstedt
Matti Jäger;Schillerstraße 67 22844 Norderstedt
Mattia Stein;Amselweg 77 22844 Norderstedt
Mattis Otto;Goethestraße 87 22844 Norderstedt
Maurice Groß;Wiesenweg 77 22844 Norderstedt
Mavie Sommer;Buchenweg 87 22844 Norderstedt
Max Haas;Jahnstraße 486 20620 Hamburg
Maxim Graf;Wiesenstraße 76 20620 Hamburg
Maximilian Heinrich;Ahornweg 477 20620 Hamburg
Medina Seidel;Feldstraße 77 20620 Hamburg
Mehmet Schreiber;Goethestraße 45 21614 Hamburg
Melanie Ziegler;Hauptstraße 56 21614 Hamburg
Melek Brandt;Schulstraße 56 21614 Hamburg
Melia Kuhn;Gartenstraße 41 21614 Hamburg
Melina Schulte;Dorfstraße42 21614 Hamburg
Melinda Dietrich;Bahnhofstraße 67 21614 Hamburg
Melisa Kühn;Bergstraße 79 21614 Hamburg
Melissa Engel;Birkenweg 50 21614 Hamburg
Melody Pohl;Lindenstraße 386 21614 Hamburg
Merle Horn;Kirchstraße 66 21614 Hamburg
Merlin Sauer;Waldstraße 45 21614 Hamburg
Mert Arnold;Ringstraße 79 21337  Hamburg
Meryem Thomas;Schillerstraße 68 25421 Pinneberg
Meva Bergmann;Amselweg 78 25421 Pinneberg
Mia Busch;Goethestraße 88 25421 Pinneberg
Michael Pfeiffer;Wiesenweg 78 25421 Pinneberg
Michel Voigt;Buchenweg 88 25421 Pinneberg
Michelle Götz;Jahnstraße 487 25421 Pinneberg
Mick Seifert;Wiesenstraße 77 24585 Kiel
Miguel Lindner;Ahornweg 478 24001 Kiel
Mihra Ernst;Feldstraße 78 24892 Kiel
Mika Hübner;Goethestraße 46 24880 Kiel
Mikael Kramer;Hauptstraße 57 24989 Kiel
Mikail Franz;Schulstraße 57 24796 Kiel
Mike Beyer;Gartenstraße 42 24880 Kiel
Mikkel Wolff;Dorfstraße43 21614 Buxtehude
Miko Peter;Bahnhofstraße 68 21614 Buxtehude
Mila Jansen;Bergstraße 80 21614 Buxtehude
Milan Kern;Birkenweg 51 21614 Buxtehude
Milana Barth;Lindenstraße 387 21614 Buxtehude
Milas Wenzel;Kirchstraße 67 21614 Buxtehude
Milena Hermann;Waldstraße 46 21614 Buxtehude
Miles Ott;Ringstraße 80 21614 Buxtehude
Miley Paul;Schillerstraße 69 21614 Buxtehude
Milian Riedel;Amselweg 79 21614 Buxtehude
Milla Wilhelm;Goethestraße 89 21614 Buxtehude
Millie Hansen;Wiesenweg 79 21335 Lüneburg
Milo Nagel;Buchenweg 89 21335 Lüneburg
Mina Grimm;Jahnstraße 488 21335 Lüneburg
Minna Schmidt;Wiesenstraße 78 21335 Lüneburg
Mio Müller;Ahornweg 479 21335 Lüneburg
Mira Schmidt;Feldstraße 79 21335 Lüneburg
Mirac Kurum;Goethestraße 47 21335 Lüneburg
Miral Fischer;Hauptstraße 58 21335 Lüneburg
Miran Weber;Schulstraße 58 21335 Lüneburg
Miray Kurum;Gartenstraße 43 22880 Wedel
Miriam Wagner;Dorfstraße44 22880 Wedel
Miro Becker;Bahnhofstraße 69 22880 Wedel
Miron Schulz;Bergstraße 81 22880 Wedel
Mohammed Kurum;Birkenweg 52 22880 Wedel
Mona Schäfer;Lindenstraße 388 22880 Wedel
Moritz Bauer;Kirchstraße 68 22880 Wedel
Musa Koch;Waldstraße 47 22844 Norderstedt
Mustafa Richter;Ringstraße 81 22844 Norderstedt
Nadia Klein;Schillerstraße 70 22844 Norderstedt
Nael Wolf;Amselweg 80 22844 Norderstedt
Naemi Schröder;Goethestraße 90 22844 Norderstedt
Naim Neumann;Wiesenweg 80 22844 Norderstedt
Nala Schwarz;Buchenweg 90 22844 Norderstedt
Naomi Braun;Jahnstraße 489 22844 Norderstedt
Natalia Hofmann;Wiesenstraße 79 21717 Hamburg
Natalie Zimmermann;Ahornweg 480 21695 Hamburg
Nathan Schmitt;Feldstraße 80 21673 Hamburg
Nathanael Hartmann;Goethestraße 48 21651 Hamburg
Naya Krüger;Hauptstraße 59 21629 Hamburg
Nayla Schmid;Schulstraße 59 21607 Hamburg
Nea Werner;Gartenstraße 44 21585 Hamburg
Nefes Lange;Dorfstraße45 21563 Hamburg
Nela Schmitz;Bahnhofstraße 70 21541 Hamburg
Nele Meier;Bergstraße 82 21519 Hamburg
Nelia Krause;Birkenweg 53 21498 Hamburg
Nelio Maier;Lindenstraße 389 21476 Hamburg
Nelly Lehmann;Kirchstraße 69 21454 Hamburg
Neo Huber;Waldstraße 48 21432 Hamburg
Neva Mayer;Ringstraße 82 21410 Hamburg
Nevio Herrmann;Schillerstraße 71 21388  Hamburg
Neyla Köhler;Amselweg 81 25421 Pinneberg
Nia Walter;Goethestraße 91 25421 Pinneberg
Nick König;Wiesenweg 81 25421 Pinneberg
Nico Schulze;Buchenweg 91 25421 Pinneberg
Nicolas Fuchs;Jahnstraße 490 25421 Pinneberg
Nicole Kaiser;Wiesenstraße 80 25421 Pinneberg
Nika Lang;Ahornweg 481 24001 Kiel
Nikita Weiß;Feldstraße 81 24892 Kiel
Niklas Peters;Goethestraße 49 24880 Kiel
Nikodem Scholz;Hauptstraße 60 24989 Kiel
Nikola Jung;Schulstraße 60 24796 Kiel
Nikolai Möller;Gartenstraße 45 24880 Kiel
Nila Hahn;Dorfstraße46 24567 Kiel
Nilay Keller;Bahnhofstraße 71 21614 Buxtehude
Nilo Vogel;Bergstraße 83 21614 Buxtehude
Nils Schubert;Birkenweg 54 21614 Buxtehude
Nina Roth;Lindenstraße 390 21614 Buxtehude
Nino Frank;Kirchstraße 70 21614 Buxtehude
Nisa Friedrich;Waldstraße 49 21614 Buxtehude
Noah Beck;Ringstraße 83 21614 Buxtehude
Noar Günther;Schillerstraße 72 21614 Buxtehude
Noel Berger;Amselweg 82 21614 Buxtehude
Noelia Winkler;Goethestraße 92 21614 Buxtehude
Noemi Lorenz;Wiesenweg 82 21614 Buxtehude
Nola Baumann;Buchenweg 92 21335 Lüneburg
Nolan Schuster;Jahnstraße 491 21335 Lüneburg
Nora Kraus;Wiesenstraße 81 21335 Lüneburg
Nour Böhm;Ahornweg 482 21335 Lüneburg
Nova Simon;Feldstraße 82 21335 Lüneburg
Ole Franke;Goethestraße 50 21335 Lüneburg
Oliver Albrecht;Hauptstraße 61 21335 Lüneburg
Olivia Winter;Schulstraße 61 21335 Lüneburg
Omar Ludwig;Gartenstraße 46 21335 Lüneburg
Ömer Dere;Dorfstraße47 22880 Wedel
Ophelia Krämer;Bahnhofstraße 72 22880 Wedel
Oskar Schumacher;Bergstraße 84 22880 Wedel
Osman Vogt;Birkenweg 55 22880 Wedel
Otis Jäger;Lindenstraße 391 22880 Wedel
Otto Stein;Kirchstraße 71 22880 Wedel
Pablo Otto;Waldstraße 50 22880 Wedel
Palina Groß;Ringstraße 84 22844 Norderstedt
Patricia Sommer;Schillerstraße 73 22844 Norderstedt
Patrick Haas;Amselweg 83 22844 Norderstedt
Paul Graf;Goethestraße 93 22844 Norderstedt
Paula Heinrich;Wiesenweg 83 22844 Norderstedt
Paulina Seidel;Buchenweg 93 22844 Norderstedt
Pauline Schreiber;Jahnstraße 492 22844 Norderstedt
Penelope Ziegler;Wiesenstraße 82 22844 Norderstedt
Pepe Brandt;Ahornweg 483 20313 Hamburg
Petar Kuhn;Feldstraße 83 20291 Hamburg
Peter Schulte;Goethestraße 51 20269 Hamburg
Phil Dietrich;Hauptstraße 62 20247 Hamburg
Philina Kühn;Schulstraße 62 20095 Hamburg
Philine Engel;Gartenstraße 47 20620 Hamburg
Philipp Pohl;Dorfstraße48 20620 Hamburg
Philippa Horn;Bahnhofstraße 73 20620 Hamburg
Philomena Sauer;Bergstraße 85 20620 Hamburg
Phoebe Arnold;Birkenweg 56 20620 Hamburg
Pia Thomas;Lindenstraße 392 20620 Hamburg
Piet Bergmann;Kirchstraße 72 20620 Hamburg
Pius Busch;Waldstraße 51 20620 Hamburg
Pola Pfeiffer;Ringstraße 85 20620 Hamburg
Polina Voigt;Schillerstraße 74 20620 Hamburg
Quentin Götz;Amselweg 84 20620  Hamburg
Quirin Seifert;Goethestraße 94 25421 Pinneberg
Ragnar Lindner;Wiesenweg 84 25421 Pinneberg
Rahel Ernst;Buchenweg 94 25421 Pinneberg
Raphael Hübner;Jahnstraße 493 25421 Pinneberg
Raya Kramer;Wiesenstraße 83 25421 Pinneberg
Rayan Franz;Ahornweg 484 25421 Pinneberg
Rebecca Beyer;Feldstraße 84 24892 Kiel
Rejan Wolff;Goethestraße 52 24880 Kiel
Ria Peter;Hauptstraße 63 24989 Kiel
Rian Jansen;Schulstraße 63 24796 Kiel
Richard Kern;Gartenstraße 48 24880 Kiel
Rieke Barth;Dorfstraße49 24567 Kiel
Rio Wenzel;Bahnhofstraße 74 24614 Kiel
Rita Hermann;Bergstraße 86 21614 Buxtehude
Robert Ott;Birkenweg 57 21614 Buxtehude
Robin Paul;Lindenstraße 393 21614 Buxtehude
Roman Riedel;Kirchstraße 73 21614 Buxtehude
Romeo Wilhelm;Waldstraße 52 21614 Buxtehude
Romina Hansen;Ringstraße 86 21614 Buxtehude
Romy Nagel;Schillerstraße 75 21614 Buxtehude
Ronja Grimm;Amselweg 85 21614 Buxtehude
Rosa Schmidt;Goethestraße 95 21614 Buxtehude
Rosalie Müller;Wiesenweg 85 21614 Buxtehude
Rose Schmidt;Buchenweg 95 21614 Buxtehude
Rosi Schneider;Jahnstraße 494 21335 Lüneburg
Ruben Fischer;Wiesenstraße 84 21335 Lüneburg
Ruby Weber;Ahornweg 485 21335 Lüneburg
Rudi Meyer;Feldstraße 85 21335 Lüneburg
Runa Wagner;Goethestraße 53 21335 Lüneburg
Rune Becker;Hauptstraße 64 21335 Lüneburg
Ruth Schulz;Schulstraße 64 21335 Lüneburg
Ryan Hoffmann;Gartenstraße 49 21335 Lüneburg
Safiya Schäfer;Dorfstraße50 21335 Lüneburg
Salih Bauer;Bahnhofstraße 75 22880 Wedel
Salma Koch;Bergstraße 87 22880 Wedel
Salome Richter;Birkenweg 58 22880 Wedel
Sam Klein;Lindenstraße 394 22880 Wedel
Sama Wolf;Kirchstraße 74 22880 Wedel
Sami Schröder;Waldstraße 53 22880 Wedel
Samir Neumann;Ringstraße 87 22880 Wedel
Samira Schwarz;Schillerstraße 76 22844 Norderstedt
Samu Braun;Amselweg 86 22844 Norderstedt
Samuel Hofmann;Goethestraße 96 22844 Norderstedt
Sana Zimmermann;Wiesenweg 86 22844 Norderstedt
Sanad Schmitt;Buchenweg 96 22844 Norderstedt
Sanna Hartmann;Jahnstraße 495 22844 Norderstedt
Santiago Krüger;Wiesenstraße 85 22844 Norderstedt
Sarah Schmid;Ahornweg 486 22844 Norderstedt
Sare Werner;Feldstraße 86 22749 Hamburg
Sebastian Lange;Goethestraße 54 20844 Hamburg
Selena Schmitz;Hauptstraße 65 22939 Hamburg
Selim Meier;Schulstraße 65 23034 Hamburg
Selin Krause;Gartenstraße 50 21936 Hamburg
Selina Maier;Dorfstraße51 21914 Hamburg
Selma Lehmann;Bahnhofstraße 76 21892 Hamburg
Sena Huber;Bergstraße 88 21870 Hamburg
Sidra Dere;Birkenweg 59 21849 Hamburg
Sila Herrmann;Lindenstraße 395 21827 Hamburg
Silas Köhler;Kirchstraße 75 21805 Hamburg
Simon Walter;Waldstraße 54 21783 Hamburg
Sina König;Ringstraße 88 21761 Hamburg
Sinan Schulze;Schillerstraße 77 21739 Hamburg
Skadi Fuchs;Amselweg 87 21717 Hamburg
Smilla Kaiser;Goethestraße 97 21695  Hamburg
Sofija Lang;Wiesenweg 87 25421 Pinneberg
Solea Weiß;Buchenweg 97 25421 Pinneberg
Sonja Peters;Jahnstraße 496 25421 Pinneberg
Sophia Scholz;Wiesenstraße 86 25421 Pinneberg
Sophie Jung;Ahornweg 487 25421 Pinneberg
Stefan Möller;Feldstraße 87 25421 Pinneberg
Stella Hahn;Goethestraße 55 24880 Kiel
Svea Keller;Hauptstraße 66 24989 Kiel
Taavi Dere;Schulstraße 66 24796 Kiel
Tabea Schubert;Gartenstraße 51 24880 Kiel
Taha Roth;Dorfstraße52 24567 Kiel
Taim Frank;Bahnhofstraße 77 24614 Kiel
Tala Friedrich;Bergstraße 89 24410 Kiel
Talea Beck;Birkenweg 60 21614 Buxtehude
Tamara Günther;Lindenstraße 396 21614 Buxtehude
Tamina Berger;Kirchstraße 76 21614 Buxtehude
Tamme Winkler;Waldstraße 55 21614 Buxtehude
Tammo Lorenz;Ringstraße 89 21614 Buxtehude
Tamo Baumann;Schillerstraße 78 21614 Buxtehude
Tara Schuster;Amselweg 88 21614 Buxtehude
Tessa Kraus;Goethestraße 98 21614 Buxtehude
Thalia Böhm;Wiesenweg 88 21614 Buxtehude
Thea Simon;Buchenweg 98 21614 Buxtehude
Theo Franke;Jahnstraße 497 21614 Buxtehude
Theodor Albrecht;Wiesenstraße 87 21335 Lüneburg
Theodora Winter;Ahornweg 488 21335 Lüneburg
Theresa Ludwig;Feldstraße 88 21335 Lüneburg
Thies Martin;Goethestraße 56 21335 Lüneburg
Thilo Krämer;Hauptstraße 67 21335 Lüneburg
Thomas Schumacher;Schulstraße 67 21335 Lüneburg
Thore Vogt;Gartenstraße 52 21335 Lüneburg
Thorin Jäger;Dorfstraße53 21335 Lüneburg
Tiago Stein;Bahnhofstraße 78 21335 Lüneburg
Tian Otto;Bergstraße 90 22880 Wedel
Tiana Groß;Birkenweg 61 22880 Wedel
Tiara Sommer;Lindenstraße 397 22880 Wedel
Tilda Haas;Kirchstraße 77 22880 Wedel
Till Graf;Waldstraße 56 22880 Wedel
Tim Heinrich;Ringstraße 90 22880 Wedel
Timo Seidel;Schillerstraße 79 22880 Wedel
Timon Schreiber;Amselweg 89 22844 Norderstedt
Timur Ziegler;Goethestraße 99 22844 Norderstedt
Tino Brandt;Wiesenweg 89 22844 Norderstedt
Titus Kuhn;Buchenweg 99 22844 Norderstedt
Tobias Schulte;Jahnstraße 498 22844 Norderstedt
Tom Dietrich;Wiesenstraße 88 22844 Norderstedt
Tommy Kühn;Ahornweg 489 22844 Norderstedt
Toni Engel;Feldstraße 89 22844 Norderstedt
Toni Pohl;Goethestraße 57 20620 Hamburg
Torben Horn;Hauptstraße 68 20598 Hamburg
Tristan Sauer;Schulstraße 68 20576 Hamburg
Tuana Arnold;Gartenstraße 53 20554 Hamburg
Tyler Thomas;Dorfstraße54 20532 Hamburg
Umut Bergmann;Bahnhofstraße 79 20510 Hamburg
Una Busch;Bergstraße 91 20488 Hamburg
Valentin Pfeiffer;Birkenweg 62 20466 Hamburg
Valentina Voigt;Lindenstraße 398 20445 Hamburg
Valentino Götz;Kirchstraße 78 20423 Hamburg
Valeria Seifert;Waldstraße 57 20401 Hamburg
Valerie Lindner;Ringstraße 91 20379 Hamburg
Vanessa Ernst;Schillerstraße 80 20357 Hamburg
Vera Hübner;Amselweg 90 20335 Hamburg
Verena Kramer;Goethestraße 100 20313 Hamburg
Veronika Franz;Wiesenweg 90 20291  Hamburg
Victoria Beyer;Buchenweg 100 25421 Pinneberg
Viktor Wolff;Jahnstraße 499 25421 Pinneberg
Vince Peter;Wiesenstraße 89 25421 Pinneberg
Vincent Jansen;Ahornweg 490 25421 Pinneberg
Viola Kern;Feldstraße 90 25421 Pinneberg
Vito Barth;Goethestraße 58 25421 Pinneberg
Vitus Wenzel;Hauptstraße 69 24989Kiel
Vivien Hermann;Schulstraße 69 24796 Kiel
Wanda Ott;Gartenstraße 54 24880 Kiel
Wilhelm Paul;Dorfstraße55 24567 Kiel
Willi Riedel;Bahnhofstraße 80 24614 Kiel
William Wilhelm;Bergstraße 92 24410 Kiel
Wilma Hansen;Birkenweg 63 24103 Kiel
Wolf Schmidt;Goethestraße 12 20095  Hamburg
Xaver Nagel;Lindenstraße 399 21614 Buxtehude
Xenia Grimm;Kirchstraße 79 21614 Buxtehude
Yahya Schmidt;Waldstraße 58 21614 Buxtehude
Yaman Müller;Ringstraße 92 21614 Buxtehude
Yara Schmidt;Schillerstraße 81 21614 Buxtehude
Yasin Baran;Amselweg 91 21614 Buxtehude
Yazan Baran;Goethestraße 101 21614 Buxtehude
Ylva Weber;Wiesenweg 91 21614 Buxtehude
Ylvie Meyer;Buchenweg 101 21614 Buxtehude
Younes Wagner;Jahnstraße 500 21614 Buxtehude
Youssef Baran;Wiesenstraße 90 21614 Buxtehude
Yunus Schulz;Ahornweg 491 21335 Lüneburg
Yusuf Hoffmann;Feldstraße 91 21335 Lüneburg
Zahra Schäfer;Goethestraße 59 21335 Lüneburg
Zaid Bauer;Hauptstraße 70 21335 Lüneburg
Zain Koch;Schulstraße 70 21335 Lüneburg
Zarah Richter;Gartenstraße 55 21335 Lüneburg
Zayn Klein;Dorfstraße56 21335 Lüneburg
Zehra Wolf;Bahnhofstraße 81 21335 Lüneburg
Zeyd Schröder;Bergstraße 93 21335 Lüneburg
Zeynep Baran;Birkenweg 64 22880 Wedel
Zoe Schwarz;Lindenstraße 400 22880 Wedel
Zoey Braun;Kirchstraße 80 22880 Wedel
Zümra Baran;Waldstraße 59 22880 Wedel
